{
  "quality": {
    "4": {
      "psnr_mean": 94.62022254943848,
      "psnr_std": 42.89109432059446,
      "ssim_mean": 0.9965016224980354,
      "ssim_std": 0.007333113613232842
    },
    "8": {
      "psnr_mean": 91.51599568367004,
      "psnr_std": 43.57177572540284,
      "ssim_mean": 0.996344251036644,
      "ssim_std": 0.00705304979787255
    },
    "16": {
      "psnr_mean": 100.14189524650574,
      "psnr_std": 41.36171154515563,
      "ssim_mean": 0.9966183277964592,
      "ssim_std": 0.007549915605909824
    },
    "32": {
      "psnr_mean": 92.78591369628906,
      "psnr_std": 43.37307133105976,
      "ssim_mean": 0.9960729810595512,
      "ssim_std": 0.007206498841323908
    }
  },
  "lpips": {
    "lpips_mean": 0.0011765893926349235,
    "lpips_std": 0.0033175767218772377
  },
  "speed": {
    "4": {
      "fps": 24.116263935850096,
      "ms_per_frame": 41.465792655944824
    },
    "8": {
      "fps": 11.222021393337455,
      "ms_per_frame": 89.1105055809021
    },
    "16": {
      "fps": 5.452775741404798,
      "ms_per_frame": 183.3928346633911
    },
    "32": {
      "fps": 2.6984778143265418,
      "ms_per_frame": 370.57929277420044
    }
  },
  "long_horizon_psnr": [
    101.82853240966797,
    83.22595558166503,
    57.26347045898437,
    44.854831504821775,
    53.83351802825928,
    62.21746063232422,
    53.701819801330565,
    62.14053325653076,
    62.39080333709717,
    61.690053367614745,
    53.22920951843262,
    61.988068199157716,
    54.07086696624756,
    43.65411376953125,
    35.12597541809082,
    42.60679931640625,
    44.123226928710935,
    44.54882984161377,
    43.46445732116699,
    51.91479930877686,
    44.72187194824219,
    52.98666400909424,
    51.716268348693845,
    51.784055519104,
    51.68584575653076,
    42.52080898284912,
    33.96326847076416,
    32.41308650970459,
    31.80936965942383,
    32.92727909088135,
    32.59101238250732,
    33.335425186157224,
    32.79167442321777,
    32.34928398132324,
    32.712235832214354,
    32.924857711791994,
    32.781267929077146,
    32.1075159072876,
    32.2704574584961,
    32.75235462188721,
    32.79402732849121,
    31.837030601501464,
    32.43906230926514,
    40.985732078552246,
    32.842431259155276,
    32.52169570922852,
    32.520667266845706,
    31.805594062805177,
    30.86711177825928,
    30.736623001098632
  ],
  "action_ctrl": 0.20953179837825398
}