{
  "Ours (discrete diff)": {
    "psnr_mean": 49.10046968650818,
    "psnr_std": 3.367752186269351,
    "ssim_mean": 0.9988667416572571,
    "ssim_std": 0.001919315913137132,
    "lpips_mean": 0.00032334768976488706,
    "lpips_std": 0.0006266599059774914,
    "psnr_step_1": 48.21655982971191,
    "psnr_step_5": 47.87099449157715,
    "psnr_step_10": 47.98473930358887,
    "psnr_step_20": 46.048429260253904,
    "psnr_step_30": 44.71927806854248,
    "psnr_step_50": 43.131757278442386,
    "fvd": 0.4075488716519457,
    "idm_f1": 0.7160493274366027,
    "idm_acc": 0.72875,
    "fps_4steps": 34.16608138888332,
    "ms_per_frame_4steps": 29.268794059753418,
    "fps_8steps": 19.543782214732484,
    "ms_per_frame_8steps": 51.167168617248535,
    "fps_16steps": 9.990252944683972,
    "ms_per_frame_16steps": 100.09756565093994
  },
  "DIAMOND": {
    "psnr_mean": 50.40830967712402,
    "psnr_std": 6.382342589125637,
    "ssim_mean": 0.9957037875652314,
    "ssim_std": 0.012667142762549165,
    "lpips_mean": 0.0009539065738390491,
    "lpips_std": 0.0027683222645428435,
    "psnr_step_1": 51.09097526550293,
    "psnr_step_5": 41.22169616699219,
    "psnr_step_10": 35.84725524902344,
    "psnr_step_20": 32.29777248382568,
    "psnr_step_30": 29.612344970703123,
    "psnr_step_50": 26.3014457321167,
    "fvd": 0.9053980815744874,
    "idm_f1": 0.7239812221564654,
    "idm_acc": 0.735,
    "fps_3steps": 33.96794966693738,
    "ms_per_frame_3steps": 29.439516067504883,
    "fps_5steps": 25.051305464252934,
    "ms_per_frame_5steps": 39.9180793762207,
    "fps_10steps": 9.759968937904034,
    "ms_per_frame_10steps": 102.45934247970581
  }
}