{
  "quality": {
    "4": {
      "psnr_mean": 118.5799767742157,
      "psnr_std": 27.35320373822587,
      "ssim_mean": 0.998960231423378,
      "ssim_std": 0.004450860862122625
    },
    "8": {
      "psnr_mean": 118.13561024284363,
      "psnr_std": 28.043263289478613,
      "ssim_mean": 0.9988297379612923,
      "ssim_std": 0.0045689389983973525
    },
    "16": {
      "psnr_mean": 118.93218088531493,
      "psnr_std": 26.89314183138255,
      "ssim_mean": 0.9990829188227653,
      "ssim_std": 0.0040273797303127645
    },
    "32": {
      "psnr_mean": 118.39145946693421,
      "psnr_std": 27.613410845336446,
      "ssim_mean": 0.9989889728426933,
      "ssim_std": 0.004372599175257347
    }
  },
  "lpips": {
    "lpips_mean": 0.0002723830495160655,
    "lpips_std": 0.0016487135524844738
  },
  "speed": {
    "4": {
      "fps": 23.86529297360311,
      "ms_per_frame": 41.90185308456421
    },
    "8": {
      "fps": 11.167015803643245,
      "ms_per_frame": 89.54943895339966
    },
    "16": {
      "fps": 5.420461430829606,
      "ms_per_frame": 184.4861388206482
    },
    "32": {
      "fps": 2.6769211653818994,
      "ms_per_frame": 373.56348514556885
    }
  },
  "long_horizon_psnr": [
    102.6968204498291,
    92.51995468139648,
    83.99215545654297,
    83.657790184021,
    83.08140239715576,
    83.38758087158203,
    81.81337280273438,
    81.04221839904785,
    81.19925804138184,
    81.45216331481933,
    81.39409198760987,
    81.65694065093994,
    81.27491474151611,
    81.47284088134765,
    72.02644882202148,
    71.11855773925781,
    63.444348907470705,
    73.24999237060547,
    71.984450340271,
    72.13044815063476,
    71.47170543670654,
    63.39741592407226,
    62.29086456298828,
    61.05239372253418,
    61.2599702835083,
    61.04950771331787,
    60.79117374420166,
    61.04298706054688,
    61.45629539489746,
    61.97683753967285,
    61.61384201049805,
    61.638550758361816,
    62.63422565460205,
    52.13815879821777,
    51.67461624145508,
    51.89097003936767,
    51.76708717346192,
    51.94305973052978,
    52.26250877380371,
    52.13223648071289,
    52.37553997039795,
    53.052988815307614,
    52.43635234832764,
    52.478621292114255,
    52.579102516174316,
    51.52315673828125,
    51.13914775848389,
    50.97491035461426,
    43.37072353363037,
    50.802865982055664
  ],
  "action_ctrl": 0.20230306684349975
}