{
  "quality": {
    "4": {
      "psnr_mean": 119.11907735633851,
      "psnr_std": 26.77248831518261,
      "ssim_mean": 0.9990491596460342,
      "ssim_std": 0.003959215337870529
    },
    "8": {
      "psnr_mean": 118.27220483779907,
      "psnr_std": 27.798635600104905,
      "ssim_mean": 0.999003216445446,
      "ssim_std": 0.00420296824610012
    },
    "16": {
      "psnr_mean": 119.11830307388306,
      "psnr_std": 26.784507603836065,
      "ssim_mean": 0.9989221312999725,
      "ssim_std": 0.004383427723324156
    },
    "32": {
      "psnr_mean": 119.10175111961365,
      "psnr_std": 26.688261537136114,
      "ssim_mean": 0.9991160125732422,
      "ssim_std": 0.004313965908018846
    }
  },
  "lpips": {
    "lpips_mean": 0.0003903983112759306,
    "lpips_std": 0.0020901161480843186
  },
  "speed": {
    "4": {
      "fps": 49.39251259541432,
      "ms_per_frame": 20.245983600616455
    },
    "8": {
      "fps": 24.267580382269426,
      "ms_per_frame": 41.207239627838135
    },
    "16": {
      "fps": 12.063749736466153,
      "ms_per_frame": 82.89296627044678
    },
    "32": {
      "fps": 6.049238414402709,
      "ms_per_frame": 165.31006574630737
    }
  },
  "long_horizon_psnr": [
    119.46774597167969,
    102.88630981445313,
    109.5356517791748,
    110.46333274841308,
    108.70964050292969,
    109.16981582641601,
    108.94550323486328,
    101.18846130371094,
    99.64679145812988,
    90.17951412200928,
    90.51738185882569,
    90.88473014831543,
    90.18763732910156,
    81.8901496887207,
    81.15336818695069,
    71.75363616943359,
    72.33759269714355,
    72.8568042755127,
    72.74421043395996,
    72.63473701477051,
    72.15369548797608,
    63.47259292602539,
    53.69262752532959,
    52.385184097290036,
    52.07594051361084,
    52.56207065582275,
    52.87347602844238,
    51.95935459136963,
    51.564814758300784,
    53.291340065002444,
    52.10574588775635,
    51.7247350692749,
    52.57679634094238,
    43.10346240997315,
    51.7320592880249,
    43.91009120941162,
    43.55804996490478,
    42.689352416992186,
    43.76566009521484,
    43.886731910705564,
    44.09122009277344,
    43.13879470825195,
    42.90091781616211,
    42.773389625549314,
    42.83833236694336,
    42.23784713745117,
    41.89477138519287,
    42.412309074401854,
    42.67861843109131,
    41.43444995880127
  ],
  "action_ctrl": 0.19330648399579028
}